Factor,Items,Estimator,CFI,TLI,RMSEA,SRMR,Item_Count
F3,"v21,v22,v23,v24",MLR,0.990455919,0.971367756,0.065998551,0.025147163,4
F3,"v21,v22,v23,v24",WLSMV,0.997343758,0.992031273,0.067870093,0.028848002,4
