"Factor","Items","Estimator","CFI","TLI","RMSEA","SRMR","Item_Count"
"F3","v21,v22,v23,v24","MLR",0.990455918737317,0.971367756211951,0.0659985511138781,0.0251471625144666,4
"F3","v21,v22,v23,v24","WLSMV",0.997343757540647,0.99203127262194,0.0678700927052752,0.0288480019168844,4
